,center_x,center_y,stationIdx,speed
0,0.0,0.0,0,40.0
1,-0.9864892733978076,-0.16382586325445084,1,40.43397903442383
2,-1.972978546795615,-0.3276517265089017,2,40.88162612915039
3,-2.9594678201934217,-0.4914775897633525,3,41.35436248779297
4,-4.932446366989037,-0.8191293162722542,5,41.859046936035156
5,-5.918935640386843,-0.982955179526705,6,42.399208068847656
6,-6.905424913784652,-1.1467810427811558,7,42.97537612915039
7,-7.891914187182459,-1.3106069060356067,8,43.58852767944336
8,-8.878403460580266,-1.4744327692900574,9,44.23892593383789
9,-10.851382007375882,-1.8020844957989597,11,44.922943115234375
10,-11.83787128077369,-1.9659103590534104,12,45.63667678833008
11,-12.824360554171498,-2.1297362223078613,13,46.374271392822266
12,-13.810849827569307,-2.2935620855623124,14,47.13004684448242
13,-15.783828374364926,-2.6212138120712143,16,47.90364456176758
14,-16.77031764776273,-2.785039675325665,17,48.69415283203125
15,-17.756806921160535,-2.948865538580116,18,49.50038528442383
16,-19.729785467956155,-3.2765172650890184,20,50.3210563659668
17,-20.716274741353963,-3.4403431283434687,21,51.15488052368164
18,-22.689253288149576,-3.7679948548523714,23,52.00061798095703
19,-23.675742561547388,-3.9318207181068217,24,52.857154846191406
20,-25.648721108343004,-4.2594724446157235,26,53.72356414794922
21,-26.63521038174081,-4.423298307870174,27,54.599082946777344
22,-28.60818892853643,-4.750950034379077,29,55.483089447021484
23,-29.594678201934236,-4.914775897633526,30,56.37503433227539
24,-31.567656748729853,-5.2424276241424295,32,57.274391174316406
25,-32.55414602212766,-5.406253487396881,33,58.1806755065918
26,-34.527124568923284,-5.733905213905783,35,59.093441009521484
27,-36.500103115718886,-6.061556940414683,37,60.01228713989258
28,-37.4865923891167,-6.225382803669135,38,60.936851501464844
29,-39.45957093591232,-6.553034530178037,40,61.86681365966797
30,-41.43254948270794,-6.880686256686938,42,62.801876068115234
31,-43.40552802950354,-7.20833798319584,44,63.74176788330078
32,-44.392017302901365,-7.372163846450293,45,64.68623352050781
33,-46.36499584969698,-7.699815572959192,47,65.63504028320312
34,-48.3379743964926,-8.027467299468096,49,66.58796691894531
35,-50.310952943288214,-8.355119025976997,51,67.5447998046875
36,-52.283931490083816,-8.682770752485899,53,68.50534057617188
37,-54.25691003687943,-9.010422478994801,55,69.46940612792969
38,-56.22988858367506,-9.338074205503704,57,70.43681335449219
39,-58.20286713047068,-9.665725932012606,59,71.40739440917969
40,-60.175845677266295,-9.993377658521506,61,72.3809814453125
41,-62.1488242240619,-10.32102938503041,63,73.35740661621094
42,-64.1218027708575,-10.648681111539311,65,74.33651733398438
43,-66.09478131765313,-10.97633283804821,67,75.31814575195312
44,-68.06775986444875,-11.303984564557114,69,76.3021469116211
45,-70.04073841124436,-11.631636291066014,71,77.2883529663086
46,-72.01371695803998,-11.959288017574918,73,78.27661895751953
47,-73.9866955048356,-12.286939744083819,75,79.26678466796875
48,-75.9596740516312,-12.614591470592721,77,80.2586898803711
49,-78.91914187182464,-13.106069060356074,80,81.25216674804688
50,-80.89212041862025,-13.433720786864974,82,82.24706268310547
51,-82.86509896541588,-13.761372513373876,84,83.24320220947266
52,-85.82456678560929,-14.252850103137225,87,84.24041748046875
53,-87.7975453324049,-14.580501829646131,89,85.238525390625
54,-89.77052387920051,-14.908153556155035,91,86.23735809326172
55,-92.72999169939396,-15.399631145918384,94,87.23672485351562
56,-94.70297024618955,-15.72728287242729,96,88.23643493652344
57,-97.662438066383,-16.21876046219064,99,89.23629760742188
58,-99.63541661317859,-16.546412188699545,101,90.23577880859375
59,-102.59488443337204,-17.037889778462898,104,91.23493194580078
60,-104.56786298016763,-17.365541504971794,106,92.2336654663086
61,-107.52733080036109,-17.857019094735147,109,93.23173522949219
62,-109.5003093471567,-18.18467082124405,111,94.22886657714844
63,-112.45977716735013,-18.676148411007407,114,95.22490692138672
64,-115.41924498754351,-19.167626000770763,117,96.21968841552734
65,-117.39222353433917,-19.49527772727966,119,97.2128677368164
66,-120.35169135453259,-19.986755317043013,122,98.20426177978516
67,-123.31115917472601,-20.478232906806365,125,99.1937026977539
68,-126.27062699491944,-20.969710496569718,128,100.18084716796875
69,-128.24360554171506,-21.297362223078615,130,101.16555786132812
70,-131.20307336190842,-21.788839812841974,133,102.14754486083984
71,-134.16254118210188,-22.280317402605327,136,103.12651062011719
72,-137.1220090022953,-22.77179499236868,139,104.102294921875
73,-140.08147682248872,-23.26327258213203,142,105.07456970214844
74,-143.04094464268215,-23.754750171895385,145,106.04316711425781
75,-146.00041246287554,-24.246227761658734,148,107.00776672363281
76,-148.959880283069,-24.73770535142209,151,107.96818542480469
77,-151.9193481032624,-25.229182941185442,154,108.92412567138672
78,-154.87881592345585,-25.720660530948795,157,109.87540435791016
79,-157.83828374364924,-26.212138120712147,160,110.82173919677734
80,-160.79775156384267,-26.703615710475503,163,111.762939453125
81,-163.75721938403612,-27.195093300238852,166,112.69874572753906
82,-166.71668720422952,-27.6865708900022,169,113.62897491455078
83,-169.67615502442297,-28.178048479765557,172,114.55340576171875
84,-173.62211211801417,-28.833351932783362,176,115.47184753417969
85,-176.58157993820762,-29.32482952254672,179,116.38406372070312
86,-179.54104775840102,-29.81630711231007,182,117.28992462158203
87,-182.50051557859445,-30.307784702073423,185,118.18925476074219
88,-186.44647267218568,-30.963088155091228,189,119.0819091796875
89,-189.40594049237916,-31.454565744854573,192,119.96769714355469
90,-192.36540831257253,-31.94604333461793,195,120.84651947021484
91,-196.31136540616376,-32.601346787635734,199,121.71827697753906
92,-199.27083322635718,-33.09282437739909,202,122.58282470703125
93,-202.23030104655064,-33.58430196716244,205,123.44007110595703
94,-206.17625814014187,-34.23960542018024,209,124.28999328613281
95,-209.13572596033526,-34.73108300994359,212,125.13247680664062
96,-213.08168305392655,-35.3863864629614,216,125.96746063232422
97,-216.04115087411998,-35.877864052724746,219,126.79497528076172
98,-219.98710796771118,-36.53316750574256,223,127.61527252197266
99,-222.94657578790458,-37.0246450955059,226,128.4285430908203
100,-226.89253288149587,-37.67994854852371,230,129.23382568359375
101,-230.8384899750871,-38.33525200154153,234,130.03028869628906
102,-233.7979577952805,-38.82672959130486,237,130.815673828125
103,-237.74391488887173,-39.48203304432267,241,131.5894317626953
104,-241.68987198246296,-40.13733649734048,245,132.3504180908203
105,-244.6493398026564,-40.62881408710384,248,133.10006713867188
106,-248.5952968962476,-41.28411754012164,252,133.8398895263672
107,-252.54125398983882,-41.939420993139436,256,134.57046508789062
108,-255.50072181003225,-42.43089858290279,259,135.29197692871094
109,-259.44667890362336,-43.08620203592058,263,136.00392150878906
110,-263.3926359972146,-43.74150548893838,267,136.70449829101562
111,-267.3385930908059,-44.3968089419562,271,137.38833618164062
112,-271.28455018439706,-45.052112394973996,275,138.0345458984375
113,-274.24401800459054,-45.54358998473735,278,138.65428161621094
114,-278.1899750981818,-46.198893437755146,282,139.2345733642578
115,-282.135932191773,-46.85419689077296,286,139.74879455566406
116,-286.08188928536424,-47.50950034379076,290,140.15737915039062
117,-290.0278463789555,-48.16480379680857,294,140.48741149902344
118,-293.9738034725467,-48.820107249826364,298,140.72129821777344
119,-297.91976056613794,-49.47541070284417,302,140.8375701904297
120,-301.86571765972917,-50.130714155861966,306,140.85145568847656
121,-305.8116747533204,-50.78601760887979,310,140.7477264404297
122,-309.75763184691164,-51.441321061897575,314,140.50491333007812
123,-312.71709966710506,-51.93279865166093,317,140.1349334716797
124,-316.6630567606963,-52.58810210467875,321,139.62298583984375
125,-320.60901385428747,-53.24340555769654,325,138.96798706054688
126,-324.5549709478788,-53.89870901071435,329,138.1656036376953
127,-328.50092804146993,-54.55401246373215,333,137.20303344726562
128,-332.44688513506117,-55.20931591674995,337,136.09768676757812
129,-335.40635295525465,-55.70079350651331,340,134.8679656982422
130,-339.34332791829627,-56.40621337671162,344,133.5138702392578
131,-343.262664796781,-57.20544268867936,348,132.0363006591797
132,-346.1995003385327,-57.81780470708119,351,130.46044921875
133,-350.1115487116432,-58.65197697690258,355,128.79788208007812
134,-354.0191228777192,-59.506861811202185,359,127.05989074707031
135,-356.9467258918038,-60.16194139456687,362,125.25836181640625
136,-360.8459140312613,-61.05429398138682,366,123.4044189453125
137,-363.76700893780935,-61.737809061007425,369,121.50869750976562
138,-366.68521383293563,-62.433559338822114,372,119.58151245117188
139,-370.5715567630272,-63.380290171791366,376,117.6337890625
140,-373.48278974683916,-64.10465929844065,379,115.67489624023438
141,-376.3909359639485,-64.84132315273928,382,113.7137222290039
142,-379.2959356464756,-65.59029900981639,385,111.75971984863281
143,-382.19775714123153,-66.3514957631253,388,109.82029724121094
144,-385.0964534559363,-67.12450869486601,391,107.90352630615234
145,-387.9920977297573,-67.90887745845208,394,106.01592254638672
146,-390.8847684174179,-68.7041429349986,397,104.16451263427734
147,-393.77454904717905,-69.50984730535201,400,102.35491180419922
148,-396.66152798195833,-70.32553410401688,403,100.59310913085938
149,-399.54579818358604,-71.15074825697953,406,98.88382720947266
150,-401.4671880235516,-71.7059599120699,408,97.23200988769531
151,-404.34716200784203,-72.54604555781123,411,95.64137268066406
152,-407.2246958849972,-73.39445195553324,414,94.11563110351562
153,-409.1417493059134,-73.96445663707604,416,92.65819549560547
154,-412.01545779564566,-74.82573188764218,419,91.2713623046875
155,-413.9300648083232,-75.40390079570939,421,89.95751190185547
156,-416.80026352954826,-76.27680151714767,424,88.71826934814453
157,-418.712639506018,-76.86230775546535,426,87.5553207397461
158,-421.5796585253031,-77.74559652847897,429,86.46924591064453
159,-423.4900279347813,-78.33761702538912,431,85.46080780029297
160,-425.39965940686403,-78.93201355496035,433,84.52999114990234
161,-428.26280553838205,-79.82777705411101,436,83.67664337158203
162,-430.17075799850835,-80.42754126177624,438,82.90055084228516
163,-432.0781063010045,-81.02922405591416,440,82.20071411132812
164,-434.93808164532237,-81.93506056775703,443,81.57614135742188
165,-436.84409150130125,-82.54097000278918,445,81.02566528320312
166,-438.7496356426609,-83.1483425153832,447,80.54779052734375
167,-440.6547543326165,-83.75704823061784,449,80.14094543457031
168,-443.51172338088134,-84.6723226799958,452,79.80339813232422
169,-445.41595630772673,-85.28379376476073,454,79.53337860107422
170,-447.3199066745987,-85.89614411053171,456,79.32884216308594
171,-449.2236157720898,-86.5092441295612,458,79.18770599365234
172,-451.1271250537978,-87.12296425206783,460,79.10774993896484
173,-453.9821053388965,-88.04442369346701,463,79.08655548095703
174,-455.88529729791395,-88.65912716874641,465,79.12078857421875
175,-457.7884354726789,-89.2739971442663,467,79.20733642578125
176,-459.69156175930885,-89.88890391530512,469,79.34188079833984
177,-461.59471808766887,-90.50371769838492,471,79.51870727539062
178,-464.449600649329,-91.42547987696139,474,79.73046112060547
179,-466.3530155339937,-92.03949270908336,476,79.95881652832031
180,-468.25660714008035,-92.65295743248222,478,80.20221710205078
181,-470.16041725678804,-93.26574368795136,480,80.45391082763672
182,-473.01663330876335,-94.18336534351131,483,80.70987701416016
183,-474.9211718344204,-94.7938839039963,485,80.96200561523438
184,-476.8260742108096,-95.40326623205691,487,81.22174835205078
185,-478.73138159949957,-96.01138103583257,489,81.4908218383789
186,-481.59019160528067,-96.92088880303696,492,81.7705078125
187,-483.4966901844208,-97.52525868599271,494,82.06592559814453
188,-485.403736043318,-98.12789941462745,496,82.37564086914062
189,-487.31136921081765,-98.7286784261574,498,82.70111083984375
190,-490.17415000767403,-99.6256079290181,501,83.04376983642578
191,-492.0844306141996,-100.21791280162547,503,83.41063690185547
192,-493.9971444742067,-100.80230953673221,505,83.79461669921875
193,-496.8725894634432,-101.65773151822134,508,84.19379425048828
194,-498.79493316280366,-102.20961395426464,510,84.60311126708984
195,-500.7269186772886,-102.72650675863737,512,85.01264190673828
196,-503.66740181505736,-103.31474038725091,515,85.41341400146484
197,-505.6588383357564,-103.49098565968296,517,85.77735900878906
198,-508.6573375272036,-103.43635223447626,520,86.11442565917969
199,-510.653309493886,-103.30958326798564,522,86.41909790039062
200,-512.6480599032853,-103.16522550459186,524,86.70956420898438
201,-515.6182341988912,-102.75496907491149,527,86.98418426513672
202,-517.5487425432466,-102.23603712232595,529,87.23612213134766
203,-519.4064818391886,-101.49784529118692,531,87.45849609375
204,-521.9990580498421,-99.99621902841531,534,87.63188171386719
205,-523.5378743892617,-98.72142846733972,536,87.74919128417969
206,-524.8828011890387,-97.24249071607386,538,87.81732940673828
207,-526.8249604957741,-94.95643992751741,541,87.83927154541016
208,-528.1305205288933,-93.44162086512314,543,87.81909942626953
209,-529.2647286006913,-91.79649912456604,545,87.75472259521484
210,-530.5470440383216,-89.08757641569929,548,87.66107177734375
211,-531.2311079921357,-87.20841122431982,550,87.59346008300781
212,-531.8551492669817,-85.30828840548469,552,87.55378723144531
213,-532.6835893520499,-82.42595486954555,555,87.55682373046875
214,-532.9917851543457,-80.45161991368188,557,87.6690673828125
215,-533.0121654921335,-78.45299997369635,559,87.86751556396484
216,-532.8700765921137,-76.45824060095316,561,88.1545639038086
217,-532.5300945281947,-73.47822847348552,564,88.49694061279297
218,-532.1100586634424,-71.52393885417007,566,88.89583587646484
219,-531.4600949459133,-69.63359890733453,568,89.3476333618164
220,-530.6564193347068,-67.80249714826434,570,89.85521697998047
221,-529.3349678305801,-65.1094927874493,573,90.41450500488281
222,-528.337924065021,-63.376439846442935,575,91.02393341064453
223,-527.1603565196102,-61.761875116396354,577,91.68118286132812
224,-525.7527401651779,-60.344184118433255,579,92.37837219238281
225,-523.3710646146907,-58.52241328832929,582,93.11000061035156
226,-521.7383868883622,-57.36728564585896,584,93.87116241455078
227,-519.2874398688504,-55.63746715609132,587,94.65908813476562
228,-517.6006158009459,-54.563576844871356,589,95.47000885009766
229,-514.9398285926778,-53.18080055882416,592,96.2977523803711
230,-513.1049323617431,-52.38554696254855,594,97.14017486572266
231,-510.3082568362787,-51.3002757632959,597,97.99801635742188
232,-508.43463820682234,-50.600596446647565,599,98.869140625
233,-505.62629990413285,-49.545499988760426,602,99.7513198852539
234,-502.8211328379988,-48.482000831912025,605,100.64297485351562
235,-500.01909895711157,-47.410273699052105,608,101.54253387451172
236,-497.2201581677377,-46.33049428418416,611,102.44861602783203
237,-495.3558953172573,-45.60625502850229,613,103.3599853515625
238,-492.5620151530877,-44.513448029609535,616,104.27527618408203
239,-489.7711114625895,-43.413061578891885,619,105.19380187988281
240,-486.9831369875348,-42.30527444883439,622,106.11492156982422
241,-484.19804260937866,-41.190266127501715,625,107.03797149658203
242,-481.4157773913762,-40.06821676862454,628,107.96207427978516
243,-478.6362886216344,-38.93930714340336,631,108.88616180419922
244,-475.85952185703553,-37.80371859402729,634,109.80909729003906
245,-473.0854209679649,-36.66163298890101,637,110.72954559326172
246,-470.3139281837828,-35.51323267956943,640,111.64596557617188
247,-466.62255869264703,-33.972525391588256,644,112.55693817138672
248,-463.8569179517485,-32.81010232458641,647,113.46051025390625
249,-461.0936814922452,-31.641975362187914,650,114.35552215576172
250,-458.3327849733277,-30.468328492460227,653,115.24057006835938
251,-455.57416266583635,-29.289345984808122,656,116.11445617675781
252,-451.8994211435078,-27.709388378513125,660,116.97614288330078
253,-449.14584228392573,-26.51867399006534,663,117.82443237304688
254,-446.3943091416532,-25.32323981720921,666,118.6593017578125
255,-443.6447505403164,-24.123270988790694,669,119.4792251586914
256,-439.9816187938234,-22.51657884617024,673,120.28162384033203
257,-437.2363844371994,-21.306749747275923,676,121.06000518798828
258,-434.4928795308744,-20.09300384236756,679,121.81075286865234
259,-430.8374323024582,-18.468903763342315,683,122.53054809570312
260,-428.0976668973034,-17.246740031991145,686,123.2148208618164
261,-424.44692529209806,-15.612089532303909,690,123.86949920654297
262,-421.71047636364347,-14.382517961538467,693,124.49950408935547
263,-418.0638697322443,-12.738663500915392,697,125.11101531982422
264,-415.33030468897766,-11.502693671750732,700,125.70974731445312
265,-411.6872506283462,-9.85098083975785,704,126.2945785522461
266,-408.95612881473124,-8.609621449182724,707,126.86753845214844
267,-405.3160351700078,-6.951394368892314,711,127.42578125
268,-402.5869093655507,-5.7056528112617135,714,127.96998596191406
269,-398.94917622491266,-4.042253616151527,718,128.49862670898438
270,-396.22159413686876,-2.793135614974503,721,129.01194763183594
271,-392.5856158165525,-1.1259039869240115,725,129.51019287109375
272,-388.95036676808616,0.5429171995972224,729,129.99256896972656
273,-386.2242885815441,1.7953139760503918,732,130.45791625976562
274,-382.5898356435083,3.465868315364056,736,130.90672302246094
275,-379.8641252031717,4.719065264529428,739,131.33815002441406
276,-376.22985687481247,6.390021192968181,743,131.75259399414062
277,-372.5954198714312,8.060610200539044,747,132.1496124267578
278,-369.86959317228536,9.313554156733414,750,132.5287628173828
279,-366.23929604051165,10.993110440245834,754,132.88970947265625
280,-362.62143754249087,12.699265308094278,758,133.2316131591797
281,-359.0248677249354,14.449801869668764,762,133.5538330078125
282,-356.34709333238226,15.80233890976548,765,133.85321044921875
283,-352.8076230029625,17.665576890722278,769,134.12554931640625
284,-349.30142238876135,19.59072005900913,773,134.3510284423828
285,-345.82505802566584,21.569256887094248,777,134.50547790527344
286,-342.37473006350484,23.592876764128608,781,134.56614685058594
287,-339.80161539280965,25.135288843623876,784,134.51710510253906
288,-336.3868493692257,27.21838361583607,788,134.37234497070312
289,-332.98631919217814,29.324647742528924,792,134.11361694335938
290,-329.5961579477938,31.447565250170303,796,133.75531005859375
291,-327.0595824800726,33.04936943083447,799,133.31785583496094
292,-323.68510813153574,35.19713588355089,803,132.81887817382812
293,-320.31884206178955,37.35774544084411,807,132.27622985839844
294,-317.799189350342,38.986040475295965,810,131.70668029785156
295,-314.4459194507843,41.16676666282819,814,131.1099395751953
296,-311.09927452271353,43.35764682706544,818,130.51815795898438
297,-308.59328066247775,45.006886501286424,821,129.9452362060547
298,-305.256791608705,47.21320304552189,825,129.38182067871094
299,-302.7575852960202,48.87271086744246,828,128.8035125732422
300,-299.4278317583311,51.08918111567033,832,128.16842651367188
301,-296.09862355353295,53.30647057479054,836,127.44428253173828
302,-293.60054020864163,54.96766856972405,839,126.67523193359375
303,-290.26615302113504,57.177160441606226,843,125.8681640625
304,-287.76127472983825,58.82809336974505,846,125.0245361328125
305,-284.4139840349428,61.017983363474386,850,124.1490478515625
306,-281.8965820489817,62.64975351746403,853,123.24421691894531
307,-279.37210580053426,64.27055627852332,856,122.3105239868164
308,-275.9934175177526,66.41167548871657,860,121.34839630126953
309,-273.44697459651235,67.99772691960379,863,120.36056518554688
310,-270.8808034958049,69.55161114696382,866,119.35054779052734
311,-267.4116586528664,71.54249097487606,870,118.32074737548828
312,-264.7631259863116,72.95119836097666,873,117.27350616455078
313,-262.0683241506035,74.26912738963368,876,116.21293640136719
314,-259.32425573901287,75.48100507340817,879,115.14325714111328
315,-256.5294514677532,76.57060990942131,882,114.06855773925781
316,-253.6844640622841,77.52130976852123,885,112.99275970458984
317,-250.79511859556928,78.32732661319513,888,111.91940307617188
318,-247.87107793152455,78.99685193969727,891,110.84907531738281
319,-244.92080058891412,79.53944205806081,894,109.78434753417969
320,-241.951296718948,79.96466718675035,897,108.72455596923828
321,-239.96384818258358,80.18785656324413,899,107.66879272460938
322,-236.9748308395266,80.44281928845426,902,106.62004089355469
323,-233.97997031652275,80.61690575914041,905,105.57515716552734
324,-230.9820464660285,80.72716882860905,908,104.53629302978516
325,-227.9827436315627,80.79073877680571,911,103.50382995605469
326,-224.98293754045883,80.82403628758324,914,102.47958374023438
327,-222.98296408124043,80.83385446422321,916,101.46475982666016
328,-219.9829707580953,80.83178374920237,919,100.46366119384766
329,-216.98304442464303,80.81144540046445,922,99.47354125976562
330,-213.9832697824856,80.77497166985012,925,98.49478912353516
331,-211.98353038331462,80.74274675451204,927,97.52778625488281
332,-208.98410520939584,80.68413006035367,930,96.57626342773438
333,-205.98490136466438,80.61508036692928,933,95.63679504394531
334,-203.98554604544896,80.56431573880438,935,94.70976257324219
335,-200.986652667292,80.48285596985275,938,93.79923248291016
336,-197.98787217672174,80.39732937604597,941,92.90229797363281
337,-195.98871314513048,80.33933666968571,943,92.01983642578125
338,-192.98996122542619,80.2528110247278,946,91.1553955078125
339,-190.99075251132743,80.19655957814311,948,90.30733489990234
340,-187.9918280012228,80.11625707876118,951,89.47858428955078
341,-185.99244583020453,80.06656262547658,953,88.66803741455078
342,-182.99319246027167,79.99970997850424,956,87.8778076171875
343,-180.99356037007232,79.96139316468741,958,87.10676574707031
344,-177.99391898933106,79.91522635734442,961,86.35663604736328
345,-175.9940427469074,79.89311453134513,963,85.62635803222656
346,-173.99409555950714,79.87883753576158,965,84.91736602783203
347,-170.9941065565981,79.8738035789062,968,84.2300796508789
348,-168.99412827371256,79.88249554939402,970,83.56423950195312
349,-166.99422400859203,79.90172639186353,972,82.92129516601562
350,-163.99464862619575,79.95158367215394,975,82.30120086669922
351,-161.99521172469397,79.99889328085956,977,81.70259857177734
352,-159.99606970995728,80.05735312331608,979,81.1265640258789
353,-156.99803823944268,80.16574536803704,982,80.57402801513672
354,-154.99988823191427,80.25167232593351,984,80.0482406616211
355,-153.00223298995436,80.34842272581375,986,79.5509262084961
356,-151.00513226688915,80.45601145606051,988,79.08406829833984
357,-148.01071688129025,80.6387935278483,991,78.64945220947266
358,-146.0154221444854,80.77583867680556,993,78.25359344482422
359,-144.021055471222,80.92577924614865,995,77.89334106445312
360,-142.027752930261,81.08925287228577,997,77.56980895996094
361,-140.03566382870284,81.26689747719566,999,77.2835464477539
362,-137.05016630622907,81.56132997864161,1002,77.0346450805664
363,-135.06185668297158,81.77719080032406,1004,76.82627868652344
364,-133.0753692498762,82.0092229571933,1006,76.65423583984375
365,-131.09065811519912,82.25600373150006,1008,76.51764678955078
366,-129.10750059723722,82.51498728794473,1010,76.41498565673828
367,-127.12562104630834,82.78358614779941,1012,76.34430694580078
368,-125.14470627572108,83.05921768841998,1014,76.30280303955078
369,-122.17439328577593,83.48021322397524,1017,76.28748321533203
370,-120.19436599315978,83.7621562364754,1019,76.29126739501953
371,-118.214058584125,84.04212308255556,1021,76.31249237060547
372,-116.23311431924898,84.31754297815765,1023,76.34674835205078
373,-114.25121380888174,84.58598944041253,1025,76.38928985595703
374,-112.26832469685574,84.8470363016392,1027,76.43474578857422
375,-110.2846546275042,85.10208502705409,1029,76.47713470458984
376,-108.30041464735308,85.35266449867675,1031,76.50949096679688
377,-106.31580535424436,85.6003040954977,1033,76.52354431152344
378,-103.33862179897842,85.96959797284309,1036,76.51083374023438
379,-101.35393079051464,86.21658240763298,1038,76.44881439208984
380,-99.3695423444191,86.46598447056832,1040,76.35494995117188
381,-97.38565471190859,86.71933680013608,1042,76.2338638305664
382,-95.40247558649142,86.97817305626063,1044,76.09246063232422
383,-93.42022573623908,87.24402781793361,1046,75.93917846679688
384,-91.43914263372628,87.51843627391045,1048,75.78073120117188
385,-89.4594840748637,87.80293364728128,1050,75.62136840820312
386,-86.49328226084258,88.25189663807032,1053,75.46427917480469
387,-84.51828759467746,88.56713967826705,1055,75.3140869140625
388,-82.54526610703941,88.89450866220156,1057,75.15862274169922
389,-80.57416110351366,89.23322878421787,1059,74.99354553222656
390,-78.60490071950181,89.5825161625948,1061,74.81391143798828
391,-76.63739906717021,89.94158038057465,1063,74.61428833007812
392,-74.67155749184923,90.3096270471083,1065,74.39026641845703
393,-72.70777244092275,90.68847052939913,1067,74.1395034790039
394,-70.7487717825055,91.09120817832505,1069,73.86080169677734
395,-67.82869455007089,91.7779698635918,1072,73.55426025390625
396,-65.90268270383497,92.3162869586575,1074,73.21505737304688
397,-64.00237083520707,92.93898533983679,1076,72.85466766357422
398,-62.13768080814177,93.66115737118255,1078,72.4817123413086
399,-59.41997253690909,94.9295787967605,1081,72.09884643554688
400,-57.662645113859575,95.88396033659599,1083,71.7149658203125
401,-55.94848941924766,96.91394917439597,1085,71.32941436767578
402,-54.27621581436839,98.01069289487188,1087,70.94657135009766
403,-52.6439568411288,99.16619928061209,1089,70.57160949707031
404,-51.050098486895116,100.3741507547248,1091,70.20899963378906
405,-49.49433091406939,101.6307951956299,1093,69.86192321777344
406,-47.9764101859649,102.93291726643574,1095,69.53225708007812
407,-46.495812194266634,104.27733966318532,1097,69.22023010253906
408,-45.05176319756792,105.66095810794563,1099,68.92508697509766
409,-43.64327292221221,107.08077020445506,1101,68.64607238769531
410,-42.26916687635869,108.53389631625532,1103,68.3823013305664
411,-40.928471282216265,110.01790861341215,1105,68.1326904296875
412,-39.62269648314486,111.53272764992373,1107,67.89785766601562
413,-38.35502022825757,113.07955684214292,1109,67.67974090576172
414,-37.12890983931495,114.65952259899815,1111,67.48136901855469
415,-35.948066027875235,116.27358485625172,1113,67.30663299560547
416,-34.8164172554105,117.92249559204578,1115,67.15967559814453
417,-33.738103436296136,119.60675136157559,1117,67.04435729980469
418,-32.71736133896061,121.32649229955099,1119,66.96512603759766
419,-31.75601778468509,123.08013927622535,1121,66.9236831665039
420,-30.85182895183093,124.86394728740585,1123,66.92031860351562
421,-30.00170835796114,126.67416492654316,1125,66.95391082763672
422,-29.202346001843324,128.5073784401966,1127,67.02238464355469
423,-28.450279598934994,130.3605113498586,1129,67.12315368652344
424,-27.741951828599998,132.23081221453967,1131,67.25355529785156
425,-27.40306324050923,133.17162477300351,1132,67.41033172607422
426,-26.754472795947088,135.06348080911246,1134,67.59265899658203
427,-26.147668482390262,136.96913615720436,1136,67.79730224609375
428,-25.588116660740052,138.88917971567733,1138,68.02264404296875
429,-25.081601424081892,140.82387092099916,1140,68.26759338378906
430,-24.63412281464981,142.77304082394605,1142,68.5317153930664
431,-24.25185219534705,144.73601637826894,1144,68.81502532958984
432,-23.941053945027452,146.7115424828169,1146,69.11763000488281
433,-23.707379712093253,148.69764971083237,1148,69.43988800048828
434,-23.551211119199877,150.69136387449257,1150,69.7808837890625
435,-23.469055172238267,152.6895145821403,1152,70.13914489746094
436,-23.457126537099185,154.6893344497074,1154,70.5125961303711
437,-23.51162085704767,156.688462433062,1156,70.89849853515625
438,-23.70971041238297,159.6816052553601,1159,71.29366302490234
439,-23.914041230267163,161.6710422947839,1161,71.69298553466797
440,-24.172155395541488,163.65422911009853,1163,72.09563446044922
441,-24.481900287692284,165.6300115724428,1165,72.50021362304688
442,-24.843725280445124,167.5969187932349,1167,72.90768432617188
443,-25.25864832303257,169.5533088687506,1169,73.32034301757812
444,-25.7276935742426,171.49742834921182,1171,73.74205780029297
445,-26.251875951736444,173.42740669130833,1173,74.17675018310547
446,-26.83218417258209,175.34125212521786,1175,74.62675476074219
447,-27.46956166007097,177.23684945555252,1177,75.09352111816406
448,-28.534514873784214,180.04110581393894,1180,75.5754165649414
449,-29.31671525688032,181.88167781917716,1182,76.06925201416016
450,-30.151407404536467,183.69907181502938,1184,76.5653076171875
451,-31.032293535362626,185.4945526345111,1186,77.05867004394531
452,-31.95326583704937,187.26982484823785,1188,77.54621124267578
453,-32.90843599748013,189.0269505955401,1190,78.02648162841797
454,-34.392960050553285,191.63382247703288,1193,78.4999008178711
455,-35.40925664860728,193.35634609894097,1195,78.97005462646484
456,-36.44195451168807,195.06909080083463,1197,79.43962860107422
457,-37.48970488492749,196.77267007065186,1199,79.90816497802734
458,-39.08771734566041,199.31161150732902,1202,80.37246704101562
459,-40.169404434752714,200.99384974106357,1204,80.82683563232422
460,-41.263159443190546,202.66826780980244,1206,81.26676177978516
461,-42.36811232179549,204.33531858749228,1208,81.68946075439453
462,-44.04463181747625,206.82313130840976,1211,82.0920639038086
463,-45.17311926461164,208.47434554408105,1213,82.47100830078125
464,-46.30173705935033,210.12547002591998,1215,82.8320541381836
465,-47.963840392185055,212.62285529653843,1218,83.17733764648438
466,-49.02943817172015,214.3152365714226,1220,83.511962890625
467,-50.04235455974319,216.0395832643024,1222,83.83531188964844
468,-50.985260041527795,217.80308209948785,1224,84.14732360839844
469,-51.839738372291926,219.6109564485687,1226,84.4472427368164
470,-52.927462914547775,222.4056692024091,1229,84.73392486572266
471,-53.52725082265914,224.31328712335682,1231,85.00682067871094
472,-54.03532061289773,226.24741065537586,1233,85.26411437988281
473,-54.45928414225057,228.201742250049,1235,85.50550079345703
474,-54.95381949970029,231.1602462222597,1238,85.73027801513672
475,-55.19577545224121,233.14539374667686,1240,85.93501281738281
476,-55.362572725838135,235.1382323804296,1242,86.11800384521484
477,-55.45568436649107,238.13612469571027,1245,86.27554321289062
478,-55.40205299396478,240.13511504861472,1247,86.39710235595703
479,-55.247227055695284,242.12877680447582,1249,86.48577880859375
480,-54.984332574139884,244.11103784117077,1251,86.54117584228516
481,-54.376636036183776,247.04766425221283,1254,86.56575012207031
482,-53.82980070621254,248.97103776325181,1256,86.56558227539062
483,-53.172194165458365,250.85941468317048,1258,86.54883575439453
484,-52.405433780284135,252.70616559572886,1260,86.52084350585938
485,-51.53063717227455,254.50425126252998,1262,86.48522186279297
486,-50.01744882652073,257.09323571564244,1265,86.4435043334961
487,-48.87581324286714,258.73484563859955,1267,86.39899444580078
488,-47.633954372521096,260.30206857911264,1269,86.34297180175781
489,-46.30301042061533,261.79445532694285,1271,86.27179718017578
490,-44.894318497350206,263.2137666564867,1273,86.18142700195312
491,-42.65874731812959,265.2133636895472,1276,86.06868743896484
492,-41.10065689360045,266.4670455620069,1278,85.92460632324219
493,-39.49822536721796,267.66359912599427,1280,85.75908660888672
494,-37.85807825456981,268.80794285433456,1282,85.57691955566406
495,-36.17968162906252,269.8953547105431,1284,85.38390350341797
496,-33.57899381166574,271.3895840926167,1287,85.18540954589844
497,-31.78360727447328,272.27027943673215,1289,84.99048614501953
498,-29.936246201833736,273.0357799597572,1291,84.7937240600586
499,-28.03782616094258,273.66369748640307,1293,84.592529296875
500,-26.093584928717128,274.13015171106565,1295,84.38079071044922
501,-24.11471225266311,274.41549314628423,1297,84.15296936035156
502,-22.11846308237161,274.52924108390744,1299,83.90496063232422
503,-20.119101491070158,274.4961514429685,1301,83.6364974975586
504,-18.12536505448607,274.3410326287505,1303,83.350830078125
505,-16.141693082926295,274.08710901771747,1305,83.05382537841797
506,-14.16944163719834,273.75556803251806,1307,82.7536392211914
507,-12.208644932118302,273.3618334756284,1309,82.46002197265625
508,-10.26269898452924,272.9004526940591,1311,82.1802978515625
509,-8.338009160451469,272.35739055668853,1313,81.91972351074219
510,-6.44311170098102,271.71830534865205,1315,81.68179321289062
511,-4.589090011198157,270.9690681319091,1317,81.46790313720703
512,-2.78982119035818,270.0966754149731,1319,81.27955627441406
513,-1.058831897394338,269.09558252882005,1321,81.11715698242188
514,0.6023874948910487,267.98234348050374,1323,80.98193359375
515,2.198944088406706,266.7780621955833,1325,80.8753662109375
516,3.738662119586754,265.50182002803984,1327,80.79812622070312
517,5.231017663517836,264.17043954178183,1329,80.75016784667969
518,6.686431667393613,262.79872553610215,1331,80.73149871826172
519,8.82299948154214,260.69284659529967,1334,80.7424545288086
520,10.223765970072174,259.26533258704814,1336,80.78334045410156
521,11.606994459217635,257.8208160162356,1338,80.8497543334961
522,12.973740811824564,256.36069265481814,1340,80.93949127197266
523,14.325141951415294,254.88635296876888,1342,81.04994201660156
524,16.326134753540632,252.65120458879773,1345,81.17813873291016
525,17.644601728129704,251.14733528851173,1347,81.31746673583984
526,18.952217837702868,249.63401992743843,1349,81.46759033203125
527,20.250379735971304,248.11258523947288,1351,81.62565612792969
528,21.54051934779269,246.58434068025971,1353,81.78897857666016
529,23.463885635582013,244.2820288279361,1356,81.95529174804688
530,24.740397991399803,242.7423813966708,1358,82.1180419921875
531,26.014045189686886,241.20036256874764,1360,82.28020477294922
532,27.28600158903221,239.65694859801724,1362,82.4404296875
533,29.19285347842093,237.34093567868666,1365,82.59774780273438
534,30.464743294985585,235.79746682076404,1367,82.74954986572266
535,31.738254686444172,234.25533578694814,1369,82.8983383178711
536,33.65360914273116,231.94635123379845,1372,83.04472351074219
537,34.935260663474324,230.41097944635555,1374,83.18985748291016
538,36.22178948221653,228.879692613958,1376,83.3341064453125
539,38.162732263990044,226.59218089871564,1379,83.47763061523438
540,39.465451189636134,225.07464525204566,1381,83.62001037597656
541,40.776223457809465,223.5640610315757,1383,83.7578353881836
542,42.759417818359644,221.31309047894496,1386,83.88787841796875
543,44.09417511674321,219.82365963535642,1388,84.00198364257812
544,46.11738498902493,217.60859514048087,1391,84.10148620605469
545,47.481453421857545,216.1459641447528,1393,84.18014526367188
546,48.85867495794201,214.69571285185023,1395,84.24291229248047
547,50.95087430288516,212.54570789751298,1398,84.28973388671875
548,52.364343760808204,211.13076599698346,1400,84.31922912597656
549,54.51432558485725,209.03855702816085,1403,84.33435821533203
550,55.96733161641747,207.6642447973588,1405,84.33491516113281
551,57.431693328461044,206.3020302799814,1407,84.32147979736328
552,59.63829902083466,204.26957266238875,1410,84.29468536376953
553,61.10869868375468,202.91387280199945,1412,84.25545501708984
554,62.57492719272193,201.5536626577706,1414,84.20294952392578
555,64.7744770575691,199.51357151633457,1417,84.13697052001953
556,66.24801973814218,198.16129315963616,1419,84.05646514892578
557,68.48096156459614,196.15785677885242,1422,83.96159362792969
558,69.99133215843719,194.84686693382844,1424,83.8506088256836
559,71.52412001175664,193.5621760963677,1426,83.7247314453125
560,73.87342397128549,191.69674075177122,1429,83.5839614868164
561,75.4768152425873,190.5013814343773,1431,83.42705535888672
562,77.94273229941894,188.79325061521183,1434,83.2562026977539
563,79.62961319847355,187.71899525202647,1436,83.07220458984375
564,82.22715674420584,186.21886088463958,1439,82.8775634765625
565,84.00426691667168,185.30164418752344,1441,82.6762924194336
566,86.73334324512878,184.05686140388488,1444,82.46976470947266
567,89.52809530987058,182.96741171966147,1447,82.2635498046875
568,91.4223318773806,182.32603515015015,1449,82.05992889404297
569,94.30290081809791,181.4893026955413,1452,81.8571548461914
570,96.24541496311966,181.01371133592656,1454,81.6593017578125
571,98.2023512040513,180.60140835988904,1456,81.46465301513672
572,101.1589740472229,180.09466429614056,1459,81.27462768554688
573,103.14082746567858,179.82641498357017,1461,81.09213256835938
574,106.12492588922169,179.51979053421096,1464,80.91646575927734
575,108.1195626404356,179.37414144195702,1466,80.7501449584961
576,110.1168893079685,179.2716704910359,1468,80.59217834472656
577,113.11584309230929,179.19838872964368,1471,80.44284057617188
578,115.11577298415492,179.20579125335664,1473,80.30233764648438
579,117.11496492315224,179.26043455492558,1475,80.17003631591797
580,120.10967163803164,179.43513032667718,1478,80.04605102539062
581,122.10138985607172,179.61612464317935,1480,79.93131256103516
582,125.07790061938536,179.98885135924874,1483,79.82760620117188
583,127.05232712531023,180.30710338312284,1485,79.74113464355469
584,129.01664127640706,180.68272454776607,1487,79.67374420166016
585,131.93965259576632,181.35666757301425,1490,79.62977600097656
586,133.86940813578371,181.8816408311664,1492,79.62313842773438
587,135.78116610545285,182.46875581247397,1494,79.65006256103516
588,138.60916583282895,183.46883404947272,1497,79.71519470214844
589,140.46425593059823,184.2159089826311,1499,79.83169555664062
590,142.29356921285216,185.02408190922117,1501,79.98885345458984
591,144.98823118200278,186.3420449774033,1504,80.18523406982422
592,146.75165982424045,187.28542416701998,1506,80.42108917236328
593,149.34785055224154,188.7882480323475,1509,80.68829345703125
594,151.04672706234015,189.84349992981532,1511,80.98370361328125
595,152.72086855792548,190.93758410488013,1513,81.30593872070312
596,155.18768386173883,192.6446309704753,1516,81.6536636352539
597,156.8046718977817,193.82157711118512,1518,82.0238037109375
598,158.40177646879346,195.025380077886,1520,82.41551208496094
599,160.76477593740827,196.87359314959468,1523,82.8270034790039
600,162.32168139741214,198.1289789820709,1525,83.25721740722656
601,163.86668383845225,199.39899239847568,1527,83.70745086669922
602,166.16744291846047,201.3242040402198,1530,84.17797088623047
603,167.6939377517408,202.61641473970803,1532,84.6718978881836
604,169.21766332654008,203.91189134990702,1534,85.18697357177734
605,171.50371061799143,205.85456609527068,1537,85.72220611572266
606,173.02848210188782,207.14881159008942,1539,86.278564453125
607,175.30818817617885,209.09891256487904,1542,86.85264587402344
608,176.81719022131387,210.41149725488282,1544,87.44503021240234
609,179.0541460068311,212.41042703748414,1547,88.05262756347656
610,180.52142612050972,213.7694582338681,1549,88.6749496459961
611,182.6754500452809,215.85738494721505,1552,89.3104248046875
612,184.07889794123489,217.28223491990727,1554,89.95579528808594
613,186.14331332969726,219.4588893602241,1557,90.6065902709961
614,187.4979953338536,220.93021163629288,1559,91.25535583496094
615,189.5075725567683,223.15765719330008,1562,91.89974212646484
616,191.5024632669936,225.39828189577003,1565,92.52975463867188
617,192.83111400445358,226.8931687113744,1567,93.14089965820312
618,194.83251815938343,229.12797046246982,1570,93.7357406616211
619,196.1783929855509,230.60735912812328,1572,94.30697631835938
620,198.22460362010966,232.8011597124712,1575,94.85781860351562
621,199.61014719653076,234.24345223853038,1577,95.38337707519531
622,201.71578956835828,236.3802962573768,1580,95.8853988647461
623,203.84627656391842,238.4923902055593,1583,96.36006164550781
624,205.27610111213951,239.89081541556567,1585,96.80767059326172
625,207.4287828049925,241.98030169288222,1588,97.22940063476562
626,209.5842351775457,244.06693172629213,1591,97.62512969970703
627,211.0232213813857,245.45592988206886,1593,97.99635314941406
628,213.19204259775555,247.52864765859334,1596,98.34284210205078
629,215.38235063211303,249.57862375719026,1599,98.66604614257812
630,217.6040947730636,251.59445222809154,1602,98.96648406982422
631,219.10744525317122,252.9134795614523,1604,99.2442398071289
632,221.40242341526329,254.84543388458766,1607,99.4983139038086
633,223.7526513436813,256.70971255734713,1610,99.7296371459961
634,225.35371831434762,257.90817662197065,1612,99.93795776367188
635,227.80778353227268,259.6334154262604,1615,100.12287139892578
636,230.31969796082402,261.27332073079714,1618,100.28465270996094
637,232.02348639577423,262.3206459403981,1620,100.42317199707031
638,234.618831716874,263.8250932221052,1623,100.53849029541016
639,237.2572455161877,265.2526939856432,1626,100.63054656982422
640,239.03779706300045,266.1634512752075,1628,100.69934844970703
641,241.7378721012331,267.47073878655027,1631,100.74533081054688
642,244.4696261002621,268.71049347344416,1634,100.76861572265625
643,246.30697032531802,269.50045688813003,1636,100.76951599121094
644,249.0859855691721,270.63030541332853,1639,100.74887084960938
645,251.89117042962414,271.6935184445168,1642,100.70661163330078
646,254.720903091364,272.6895596411806,1645,100.6425552368164
647,256.6202223259756,273.31602822806576,1647,100.55677032470703
648,259.4872296270297,274.19906627392425,1650,100.44999694824219
649,262.374402634866,275.0137566847169,1653,100.32144165039062
650,264.3095878898621,275.5186662097102,1655,100.17194366455078
651,267.2269572548987,276.21753502134567,1658,100.00348663330078
652,270.1606569850412,276.84430451151155,1661,99.81648254394531
653,272.12482383557665,277.2210091838964,1663,99.61212158203125
654,275.08247516282995,277.7226891775059,1666,99.39176177978516
655,278.05230931178556,278.14628933072777,1669,99.15660095214844
656,280.03807026033223,278.38417670844865,1671,98.9079818725586
657,283.02403843909815,278.6728005168594,1674,98.64682006835938
658,286.0167973423147,278.8794752197299,1677,98.3740005493164
659,288.0146158852654,278.97199041058684,1679,98.0901870727539
660,291.0136586273566,279.04326544711915,1682,97.79631042480469
661,293.01361714703324,279.0460196538555,1684,97.492431640625
662,296.0128556495428,278.9834088273727,1687,97.17980194091797
663,299.0093753182151,278.8411814396578,1690,96.85802459716797
664,301.0045152153208,278.702390743742,1692,96.52752685546875
665,303.99189524983285,278.4286576068518,1695,96.19048309326172
666,305.9790551049948,278.20272799203616,1697,95.84696960449219
667,308.9516772324667,277.7991234809657,1700,95.49906921386719
668,310.92716266105026,277.48718146607564,1702,95.14772033691406
669,313.8795552141651,276.955424957612,1705,94.79487609863281
670,315.83976125346686,276.55863235990387,1707,94.44268798828125
671,318.76657425257383,275.9004845985602,1710,94.09269714355469
672,320.707968492608,275.42002477983897,1712,93.7485580444336
673,323.6039475974528,274.63727191083365,1715,93.4110336303711
674,325.5230388583281,274.0742965658768,1717,93.08474731445312
675,328.3825037300056,273.1672090961156,1720,92.7695083618164
676,330.2746628206738,272.51947274133306,1722,92.46986389160156
677,333.0891009080917,271.4811215755862,1725,92.18424224853516
678,334.94789563373416,270.7430961760389,1727,91.91536712646484
679,337.70681738259043,269.56519265276415,1730,91.661376953125
680,339.52468364029954,268.7314490029847,1732,91.42274475097656
681,341.32379725723916,267.85798346595254,1734,91.1983642578125
682,343.98409885128774,266.47172898787517,1737,90.98799896240234
683,345.7305414527419,265.49720915887167,1739,90.7899398803711
684,348.30974514721015,263.9652799667536,1742,90.60453796386719
685,350.00287173175485,262.9007925761984,1744,90.42951202392578
686,351.67560012275186,261.80452044538725,1746,90.2657699584961
687,354.148019985662,260.10553427363703,1749,90.11259460449219
688,355.7730571375148,258.93971467469885,1751,89.96803283691406
689,358.1780673387167,257.14652756290536,1754,89.83331298828125
690,359.76118642430185,255.92437608230458,1756,89.70722198486328
691,361.32936802749015,254.68311086188297,1758,89.59091186523438
692,363.6543425092234,252.7872717646789,1761,89.48446655273438
693,365.1848838855241,251.49988526224274,1763,89.3880386352539
694,367.4488666842525,249.5316342648801,1766,89.30193328857422
695,368.93533885974887,248.1936132345276,1768,89.2267837524414
696,370.4021736617265,246.8340963223604,1770,89.1624526977539
697,372.5629517017792,244.75310287955116,1773,89.10911560058594
698,373.97532311854064,243.33709702123693,1775,89.06790924072266
699,375.36366617860335,241.89752815839734,1777,89.03839874267578
700,377.39821364192323,239.69299697042743,1780,89.02090454101562
701,378.7207767840433,238.19277721047,1782,89.0178451538086
702,380.0154226637709,236.668400616231,1784,89.0283432006836
703,381.9039301505992,234.33755595489455,1787,89.052978515625
704,383.1265300997197,232.75481177917462,1789,89.09424591064453
705,384.90447008260213,230.33857209802653,1792,89.150390625
706,386.0516423021399,228.7003345180356,1794,89.22338104248047
707,387.1676472325617,227.0407087113421,1796,89.31136322021484
708,388.78191939743914,224.51219458903088,1799,89.41424560546875
709,389.8173893651835,222.80116514647418,1801,89.53315734863281
710,390.8195756525325,221.0704309715733,1803,89.66621398925781
711,392.26006888332137,218.43903384160646,1806,89.81302642822266
712,393.1791236264959,216.66275249922825,1808,89.97367858886719
713,394.06574003065003,214.87005715036312,1810,90.1470718383789
714,395.33601280114385,212.15237468675087,1813,90.33270263671875
715,396.14391231214864,210.32284933036885,1815,90.53089904785156
716,397.2987991507412,207.55414856458503,1818,90.74059295654297
717,398.0316256149968,205.693275765688,1820,90.96234893798828
718,398.73548707728827,203.8212534059177,1822,91.19554901123047
719,399.73828181108365,200.99389394293252,1825,91.4402847290039
720,400.3719057954431,199.0969444350461,1827,91.69856262207031
721,401.2696066678061,196.23448140305462,1830,91.96858215332031
722,401.8326309660541,194.31539320502893,1832,92.25131225585938
723,402.6235301646807,191.4216006441017,1835,92.54418182373047
724,403.1147733242455,189.48289616788338,1837,92.84567260742188
725,403.57699464280296,187.5370683330215,1839,93.15260314941406
726,404.21554659705225,184.60589073594758,1842,93.4623794555664
727,404.604461729603,182.64409612368667,1844,93.76924896240234
728,405.13202089344003,179.690924817344,1847,94.07303619384766
729,405.4461035195076,177.71576860680833,1849,94.3671875
730,405.8600443325006,174.74454387825836,1852,94.65325164794922
731,406.09742566476325,172.7587100094257,1854,94.92670440673828
732,406.3948116090797,169.77356927515757,1857,95.19110107421875
733,406.5534499154603,167.7799005396024,1859,95.44670104980469
734,406.7311244114217,164.78525313561497,1862,95.69651794433594
735,406.8093984771249,162.786814446435,1864,95.94609832763672
736,406.8687354110614,159.78747726113883,1867,96.196044921875
737,406.86162352945007,156.7875536420463,1870,96.45443725585938
738,406.82181378608414,154.78797147127838,1872,96.72222900390625
739,406.7123215723992,151.790025562886,1875,96.994384765625
740,406.60780680644365,149.7927755702099,1877,97.27354431152344
741,406.4065646052427,146.79957725804422,1880,97.5547103881836
742,406.242589707872,144.8063300292894,1882,97.83692169189453
743,405.9426020563209,141.82144922888912,1885,98.11873626708984
744,405.5638993414304,138.84557149920082,1888,98.40058898925781
745,405.25988003509,136.86887055244472,1890,98.68582153320312
746,404.7146829246082,133.91904163505444,1893,98.97787475585938
747,404.2848863346335,131.96586283265168,1895,99.28885650634766
748,403.52919112088784,129.0629420291007,1898,99.61808013916016
749,402.9468715704664,127.14971543390492,1900,99.97887420654297
750,401.96253925457734,124.31610171740776,1903,100.36158752441406
751,401.23929974493547,122.45153797072643,1905,100.76886749267578
752,400.0654377486437,119.6909406771725,1908,101.18964385986328
753,399.22999876035834,117.87384580328842,1910,101.61837768554688
754,397.9081188237799,115.1809043579854,1913,102.05097961425781
755,396.5157546686365,112.52368169032889,1916,102.47972869873047
756,395.55465998343203,110.76976627912191,1918,102.89990234375
757,394.06954186561836,108.16322084691434,1921,103.31395721435547
758,392.5282620819697,105.58950471005413,1924,103.7157974243164
759,390.9243692098188,103.05435697495298,1927,104.10972595214844
760,389.81723514999766,101.38879091566784,1929,104.5092544555664
761,388.0953152912798,98.93232694906479,1932,104.92173767089844
762,386.2950138149897,96.5327476022743,1935,105.37046813964844
763,385.04878536687346,94.968561226408,1937,105.8681869506836
764,383.1087365500901,92.68052087995848,1940,106.3997573852539
765,381.09085711328765,90.46077180048765,1943,106.97209167480469
766,379.00556784597137,88.3041818344211,1946,107.57571411132812
767,377.5827737008982,86.89864395567685,1948,108.20370483398438
768,375.4064752675351,84.83386810802101,1951,108.85327911376953
769,373.1872527317349,82.81526688121676,1954,109.52992248535156
770,370.9331040520827,80.8357176764377,1957,110.2314453125
771,368.65113288034416,78.88829091365966,1960,110.95774841308594
772,366.3424873903984,76.97257206001798,1963,111.70420837402344
773,364.00350300060484,75.09403080629905,1966,112.46769714355469
774,361.6305624248246,73.25858752627899,1969,113.24462890625
775,359.22034738763665,71.47239392219878,1972,114.03378295898438
776,356.76990867899843,69.74181852198988,1975,114.8333511352539
777,354.27674357528105,68.07341237672001,1978,115.64234161376953
778,351.7388790774702,66.47384951886626,1981,116.45926666259766
779,349.15492382837516,64.94989581252223,1984,117.28308868408203
780,346.5239415286578,63.50868701430152,1987,118.11224365234375
781,343.8454388278929,62.1578903931036,1990,118.94573211669922
782,341.1194759960088,60.90568549429156,1993,119.7822036743164
783,338.34695091610786,59.760309621865986,1996,120.6205825805664
784,335.5340927015157,58.71772364440731,1999,121.45946502685547
785,332.6923098129531,57.75657622757823,2002,122.29785919189453
786,329.83150780503826,56.85346394776168,2005,123.13481903076172
787,326.0017637673587,55.69893052336351,2009,123.96989440917969
788,323.1238240158356,54.8519135320241,2012,124.80257415771484
789,319.27811675307737,53.75172817337386,2016,125.6323013305664
790,316.38622129719465,52.95368077637885,2019,126.45889282226562
791,313.4868186936661,52.18336717776929,2022,127.28191375732422
792,309.6075675797475,51.20826531509132,2026,128.1004180908203
793,306.66430536843706,50.630065691424825,2029,128.91433715820312
794,302.7306781963482,49.9044092499847,2033,129.723388671875
795,299.7804578172814,49.3601669189046,2036,130.52734375
796,295.8468306451925,48.63451047746446,2040,131.32598876953125
797,292.8966102661258,48.09026814638435,2043,132.119140625
798,288.96298309403704,47.36461170494422,2047,132.90664672851562
799,285.0293559219482,46.63895526350413,2051,133.68836975097656
800,282.07638311232887,46.110261649255925,2054,134.4641876220703
801,278.12877846509065,45.46495741937471,2058,135.2340087890625
802,274.1811738178524,44.8196531894935,2062,135.99777221679688
803,270.23356917061403,44.174348959612324,2066,136.7554168701172
804,267.2728656851853,43.690370787201395,2069,137.50689697265625
805,263.32526103794703,43.04506655732021,2073,138.25218200683594
806,259.3776563907087,42.39976232743901,2077,138.9912567138672
807,255.43005174347041,41.754458097557794,2081,139.72412109375
808,251.4824470962321,41.1091538676766,2085,140.4507598876953
809,247.53484244899383,40.46384963779539,2089,141.1711883544922
810,243.5872378017555,39.818545407914186,2093,141.8854217529297
811,239.63963315451718,39.173241178032995,2097,142.59349060058594
812,235.69202850727896,38.527936948151776,2101,143.29541015625
813,231.74442386004063,37.88263271827058,2105,143.99122619628906
814,227.79681921280232,37.237328488389366,2109,144.68096923828125
815,223.849214565564,36.592024258508175,2113,145.36468505859375
816,219.90160991832576,35.94672002862696,2117,146.0424041748047
817,215.95400527108745,35.301415798745765,2121,146.7141876220703
818,212.00640062384912,34.65611156886456,2125,147.3800811767578
819,208.05879597661084,34.01080733898336,2129,148.04013061523438
820,204.11119132937256,33.365503109102164,2133,148.69439697265625
821,200.16358668213425,32.720198879220945,2137,149.3429412841797
822,196.2159820348959,32.074894649339754,2141,149.98580932617188
823,191.28147622584805,31.268264361988248,2146,150.62306213378906
824,187.33387157860975,30.622960132107053,2150,151.2547607421875
825,183.3862669313714,29.977655902225838,2154,151.88095092773438
826,179.4386622841332,29.332351672344647,2158,152.501708984375
827,175.49105763689488,28.68704744246344,2162,153.11708068847656
828,170.55655182784702,27.880417155111928,2167,153.72714233398438
829,166.60894718060868,27.23511292523073,2171,154.33193969726562
830,162.66134253337037,26.589808695349532,2175,154.93154907226562
831,157.72683672432248,25.783178407998022,2180,155.52601623535156
832,153.77923207708426,25.137874178116828,2184,156.11541748046875
833,149.8316274298459,24.492569948235626,2188,156.69979858398438
834,144.89712162079803,23.685939660884124,2193,157.27923583984375
835,140.94951697355975,23.04063543100291,2197,157.85377502441406
836,137.00191232632147,22.395331201121717,2201,158.42347717285156
837,132.06740651727355,21.588700913770207,2206,158.9884033203125
838,128.1198018700353,20.943396683889013,2210,159.54861450195312
839,123.18529606098741,20.136766396537503,2215,160.1041717529297
840,119.23769141374912,19.4914621666563,2219,160.65512084960938
841,114.30318560470123,18.6848318793048,2224,161.20152282714844
842,110.3555809574629,18.03952764942359,2228,161.74343872070312
843,105.42107514841507,17.232897362072087,2233,162.2809295654297
844,101.47347050117672,16.587593132190882,2237,162.8140411376953
845,96.5389646921289,15.780962844839385,2242,163.34283447265625
846,92.59136004489058,15.135658614958176,2246,163.8673553466797
847,87.65685423584274,14.329028327606675,2251,164.38766479492188
848,83.70924958860441,13.68372409772547,2255,164.90382385253906
849,78.77474377955654,12.877093810373971,2260,165.41587829589844
850,73.84023797050867,12.070463523022466,2265,165.9238739013672
851,69.89263332327037,11.425159293141265,2269,166.42787170410156
852,64.95812751422248,10.618529005789755,2274,166.92791748046875
853,61.010522866984175,9.973224775908552,2278,167.42405700683594
854,56.076017057936326,9.16659448855705,2283,167.9163360595703
855,51.141511248888435,8.359964201205546,2288,168.40481567382812
856,47.193906601650156,7.714659971324345,2292,168.88954162597656
857,42.25940079260226,6.908029683972839,2297,169.3705596923828
858,37.32489498355441,6.101399396621339,2302,169.84791564941406
859,32.390389174506524,5.294769109269833,2307,170.3216552734375
860,28.442784527268227,4.649464879388631,2311,170.7918243408203
861,23.508278718220353,3.842834592037127,2316,171.2584686279297
862,18.57377290917246,3.0362043046856213,2321,171.7216339111328
863,13.639267100124608,2.2295740173341203,2326,172.18136596679688
864,9.691662452886293,1.5842697874529148,2330,172.63771057128906
865,4.757156643838437,0.7776395001014142,2335,173.0906982421875
